﻿<?xml version="1.0" encoding="utf-8" ?>
<!--

Copyright (c) 2008-2012 by the President and Fellows of Harvard College. All rights reserved.
Profiles Research Networking Software was developed under the supervision of Griffin M Weber, MD, PhD.,
and Harvard Catalyst: The Harvard Clinical and Translational Science Center, with support from the
National Center for Research Resources and Harvard University.


Code licensed under a BSD License.
For details, see: LICENSE.txt
-->
<ModuleList>
  <Module ModulePath="Modules" NameSpace="SearchPerson" FileName="SearchPerson.ascx" Enabled="true"/>
  <Module ModulePath="Modules" NameSpace="PersonResults" FileName="PersonResults.ascx" Enabled="true"/>
  <Module ModulePath="Modules" NameSpace="SearchCriteria" FileName="SearchCriteria.ascx" Enabled="true"/>
  <Module ModulePath="Modules" NameSpace="SearchOptions" FileName="SearchOptions.ascx" Enabled="true"/>
  <Module ModulePath="Modules" NameSpace="SearchEverythingFacets" FileName="SearchEverythingFacets.ascx" Enabled="true"/>
  <Module ModulePath="Modules" NameSpace="SearchResults" FileName="SearchResults.ascx" Enabled="true"/>
  <Module ModulePath="Modules" NameSpace="MiniSearch" FileName="MiniSearch.ascx" Enabled="false"/>
  <Module ModulePath="Modules" NameSpace="TopSearchPhrase" FileName="TopSearchPhrase.ascx" Enabled="true"/>
  <Module ModulePath="Modules" NameSpace="SearchConnection" FileName="SearchConnection.ascx" Enabled="true"/>
  <Module ModulePath="Modules" NameSpace="SearchEverything" FileName="SearchEverything.ascx" Enabled="true"/>
</ModuleList>
