﻿ <Presentation PresentationClass="network">
  <PageOptions Columns="3"/>
  <WindowName>Search Results ({{{rdf:RDF/rdf:Description/prns:numberOfConnections}}})</WindowName>  
  <PageTitle>Search Results ({{{rdf:RDF/rdf:Description/prns:numberOfConnections}}})</PageTitle>   
   <PageBackLinkName>More Search Options</PageBackLinkName>
  <PageBackLinkURL>~/search/people</PageBackLinkURL>
  <PageSubTitle></PageSubTitle>
  <PageDescription></PageDescription> 
  <PanelList>
    <Panel type="header"  />
    <Panel type="page" />
    <Panel Type="active">
      <Module ID="MiniSearch"  />
      <Module ID="MainMenu">
        <ParamList>
          <Param Name="PageType">SearchResults</Param>
        </ParamList>
      </Module>
    </Panel>
    <Panel Type="main" TabType="Fixed" TabSort="0" >
      <Module ID="SearchResults">        
      </Module>
    </Panel>
    <Panel Type="passive">
      <Module ID="SearchCriteria"></Module>
      <Module ID="SearchOptions"></Module>
      <Module ID="HTMLBlock">
        <ParamList>
          <Param Name="HTML">
            <div id="divItemDetails" class="SearchDetails"></div>
          </Param>          
        </ParamList>        
      </Module>
      <Module ID="Gadgets" >
        <ParamList>
          <Param Name="HTML">
            <div id="gadgets-tools" class="gadgets-gadget-parent"></div>
          </Param>
        </ParamList>
      </Module>
    </Panel>
    <Panel type="footer" />
  </PanelList>  
</Presentation>
