﻿<Presentation PresentationClass="connection">
  <PageOptions Columns="2"/>
  <WindowName>Connection</WindowName>
  <PageBackLinkName>Back to Search Results</PageBackLinkName>
  <PageBackLinkURL>[[[Root]]]/search/default.aspx?tab=[[[discovertab]]]&amp;searchfor={{{rdf:RDF/rdf:Description/vivo:overview/SearchOptions/MatchOptions/SearchString}}}&amp;action=modify&amp;searchtype=searchform</PageBackLinkURL>
  <PageTitle>Search Result Details</PageTitle>
  <PageDescription>This page shows the details of why an item matched the keywords from your search.</PageDescription>
  <PanelList>
    <Panel Type="header"  />
    <Panel Type="page" />
    <Panel Type="active">
      <Module ID="MainMenu">
      </Module>
    </Panel>
    <Panel Name="" Alias="" Type="main" TabType="Fixed" TabSort="1" >
      <Module ID="SearchConnection" />
    </Panel>
    <Panel Type="passive">
      <Module ID="SearchCriteria"></Module>
      <Module ID="HTMLBlock">
        <ParamList>
          <Param ID="HTML">
            <script type="text/javascript">  jQuery(window).on("load",function () {$(".pageDescription").css("padding-bottom","16px");$(".passiveSectionBody").find(".passiveSectionLine").remove();});</script>
          </Param>
        </ParamList>
      </Module>
    </Panel>
  </PanelList>
</Presentation>


