﻿<Presentation PresentationClass="profile">
  <PageOptions Columns="2"/>
  <WindowName>Login</WindowName>
  <PageTitle>Login</PageTitle>
  <PageBackLinkName></PageBackLinkName>
  <PageBackLinkURL></PageBackLinkURL>
  <PageSubTitle></PageSubTitle>
  <PageDescription></PageDescription>
  <PanelList>
    <Panel type="header"  />
    <Panel type="page" />
    <Panel Type="active">
      <Module ID="MiniSearch"  />
      <Module ID="MainMenu">
      </Module>
    </Panel>
    <Panel Type="main" >
      <Module ID="HTMLBlock">
        <ParamList>
          <Param ID="HTML">
            <b>Login is currently disabled. Please try again later.</b>
          </Param>
        </ParamList>
      </Module>
    </Panel>
    <Panel type="footer" />
  </PanelList>
</Presentation>


