<SemanticTypeList>
<SemanticType><SemanticGroupUI>ACTI</SemanticGroupUI><SemanticGroupName>Activities &amp; Behaviors</SemanticGroupName><SemanticTypeUI>T052</SemanticTypeUI><SemanticTypeName>Activity</SemanticTypeName></SemanticType>
<SemanticType><SemanticGroupUI>ACTI</SemanticGroupUI><SemanticGroupName>Activities &amp; Behaviors</SemanticGroupName><SemanticTypeUI>T053</SemanticTypeUI><SemanticTypeName>Behavior</SemanticTypeName></SemanticType>
<SemanticType><SemanticGroupUI>ACTI</SemanticGroupUI><SemanticGroupName>Activities &amp; Behaviors</SemanticGroupName><SemanticTypeUI>T056</SemanticTypeUI><SemanticTypeName>Daily or Recreational Activity</SemanticTypeName></SemanticType>
<SemanticType><SemanticGroupUI>ACTI</SemanticGroupUI><SemanticGroupName>Activities &amp; Behaviors</SemanticGroupName><SemanticTypeUI>T051</SemanticTypeUI><SemanticTypeName>Event</SemanticTypeName></SemanticType>
<SemanticType><SemanticGroupUI>ACTI</SemanticGroupUI><SemanticGroupName>Activities &amp; Behaviors</SemanticGroupName><SemanticTypeUI>T064</SemanticTypeUI><SemanticTypeName>Governmental or Regulatory Activity</SemanticTypeName></SemanticType>
<SemanticType><SemanticGroupUI>ACTI</SemanticGroupUI><SemanticGroupName>Activities &amp; Behaviors</SemanticGroupName><SemanticTypeUI>T055</SemanticTypeUI><SemanticTypeName>Individual Behavior</SemanticTypeName></SemanticType>
<SemanticType><SemanticGroupUI>ACTI</SemanticGroupUI><SemanticGroupName>Activities &amp; Behaviors</SemanticGroupName><SemanticTypeUI>T066</SemanticTypeUI><SemanticTypeName>Machine Activity</SemanticTypeName></SemanticType>
<SemanticType><SemanticGroupUI>ACTI</SemanticGroupUI><SemanticGroupName>Activities &amp; Behaviors</SemanticGroupName><SemanticTypeUI>T057</SemanticTypeUI><SemanticTypeName>Occupational Activity</SemanticTypeName></SemanticType>
<SemanticType><SemanticGroupUI>ACTI</SemanticGroupUI><SemanticGroupName>Activities &amp; Behaviors</SemanticGroupName><SemanticTypeUI>T054</SemanticTypeUI><SemanticTypeName>Social Behavior</SemanticTypeName></SemanticType>
<SemanticType><SemanticGroupUI>ANAT</SemanticGroupUI><SemanticGroupName>Anatomy</SemanticGroupName><SemanticTypeUI>T017</SemanticTypeUI><SemanticTypeName>Anatomical Structure</SemanticTypeName></SemanticType>
<SemanticType><SemanticGroupUI>ANAT</SemanticGroupUI><SemanticGroupName>Anatomy</SemanticGroupName><SemanticTypeUI>T029</SemanticTypeUI><SemanticTypeName>Body Location or Region</SemanticTypeName></SemanticType>
<SemanticType><SemanticGroupUI>ANAT</SemanticGroupUI><SemanticGroupName>Anatomy</SemanticGroupName><SemanticTypeUI>T023</SemanticTypeUI><SemanticTypeName>Body Part, Organ, or Organ Component</SemanticTypeName></SemanticType>
<SemanticType><SemanticGroupUI>ANAT</SemanticGroupUI><SemanticGroupName>Anatomy</SemanticGroupName><SemanticTypeUI>T030</SemanticTypeUI><SemanticTypeName>Body Space or Junction</SemanticTypeName></SemanticType>
<SemanticType><SemanticGroupUI>ANAT</SemanticGroupUI><SemanticGroupName>Anatomy</SemanticGroupName><SemanticTypeUI>T031</SemanticTypeUI><SemanticTypeName>Body Substance</SemanticTypeName></SemanticType>
<SemanticType><SemanticGroupUI>ANAT</SemanticGroupUI><SemanticGroupName>Anatomy</SemanticGroupName><SemanticTypeUI>T022</SemanticTypeUI><SemanticTypeName>Body System</SemanticTypeName></SemanticType>
<SemanticType><SemanticGroupUI>ANAT</SemanticGroupUI><SemanticGroupName>Anatomy</SemanticGroupName><SemanticTypeUI>T025</SemanticTypeUI><SemanticTypeName>Cell</SemanticTypeName></SemanticType>
<SemanticType><SemanticGroupUI>ANAT</SemanticGroupUI><SemanticGroupName>Anatomy</SemanticGroupName><SemanticTypeUI>T026</SemanticTypeUI><SemanticTypeName>Cell Component</SemanticTypeName></SemanticType>
<SemanticType><SemanticGroupUI>ANAT</SemanticGroupUI><SemanticGroupName>Anatomy</SemanticGroupName><SemanticTypeUI>T018</SemanticTypeUI><SemanticTypeName>Embryonic Structure</SemanticTypeName></SemanticType>
<SemanticType><SemanticGroupUI>ANAT</SemanticGroupUI><SemanticGroupName>Anatomy</SemanticGroupName><SemanticTypeUI>T021</SemanticTypeUI><SemanticTypeName>Fully Formed Anatomical Structure</SemanticTypeName></SemanticType>
<SemanticType><SemanticGroupUI>ANAT</SemanticGroupUI><SemanticGroupName>Anatomy</SemanticGroupName><SemanticTypeUI>T024</SemanticTypeUI><SemanticTypeName>Tissue</SemanticTypeName></SemanticType>
<SemanticType><SemanticGroupUI>CHEM</SemanticGroupUI><SemanticGroupName>Chemicals &amp; Drugs</SemanticGroupName><SemanticTypeUI>T116</SemanticTypeUI><SemanticTypeName>Amino Acid, Peptide, or Protein</SemanticTypeName></SemanticType>
<SemanticType><SemanticGroupUI>CHEM</SemanticGroupUI><SemanticGroupName>Chemicals &amp; Drugs</SemanticGroupName><SemanticTypeUI>T195</SemanticTypeUI><SemanticTypeName>Antibiotic</SemanticTypeName></SemanticType>
<SemanticType><SemanticGroupUI>CHEM</SemanticGroupUI><SemanticGroupName>Chemicals &amp; Drugs</SemanticGroupName><SemanticTypeUI>T123</SemanticTypeUI><SemanticTypeName>Biologically Active Substance</SemanticTypeName></SemanticType>
<SemanticType><SemanticGroupUI>CHEM</SemanticGroupUI><SemanticGroupName>Chemicals &amp; Drugs</SemanticGroupName><SemanticTypeUI>T122</SemanticTypeUI><SemanticTypeName>Biomedical or Dental Material</SemanticTypeName></SemanticType>
<SemanticType><SemanticGroupUI>CHEM</SemanticGroupUI><SemanticGroupName>Chemicals &amp; Drugs</SemanticGroupName><SemanticTypeUI>T118</SemanticTypeUI><SemanticTypeName>Carbohydrate</SemanticTypeName></SemanticType>
<SemanticType><SemanticGroupUI>CHEM</SemanticGroupUI><SemanticGroupName>Chemicals &amp; Drugs</SemanticGroupName><SemanticTypeUI>T103</SemanticTypeUI><SemanticTypeName>Chemical</SemanticTypeName></SemanticType>
<SemanticType><SemanticGroupUI>CHEM</SemanticGroupUI><SemanticGroupName>Chemicals &amp; Drugs</SemanticGroupName><SemanticTypeUI>T120</SemanticTypeUI><SemanticTypeName>Chemical Viewed Functionally</SemanticTypeName></SemanticType>
<SemanticType><SemanticGroupUI>CHEM</SemanticGroupUI><SemanticGroupName>Chemicals &amp; Drugs</SemanticGroupName><SemanticTypeUI>T104</SemanticTypeUI><SemanticTypeName>Chemical Viewed Structurally</SemanticTypeName></SemanticType>
<SemanticType><SemanticGroupUI>CHEM</SemanticGroupUI><SemanticGroupName>Chemicals &amp; Drugs</SemanticGroupName><SemanticTypeUI>T200</SemanticTypeUI><SemanticTypeName>Clinical Drug</SemanticTypeName></SemanticType>
<SemanticType><SemanticGroupUI>CHEM</SemanticGroupUI><SemanticGroupName>Chemicals &amp; Drugs</SemanticGroupName><SemanticTypeUI>T111</SemanticTypeUI><SemanticTypeName>Eicosanoid</SemanticTypeName></SemanticType>
<SemanticType><SemanticGroupUI>CHEM</SemanticGroupUI><SemanticGroupName>Chemicals &amp; Drugs</SemanticGroupName><SemanticTypeUI>T196</SemanticTypeUI><SemanticTypeName>Element, Ion, or Isotope</SemanticTypeName></SemanticType>
<SemanticType><SemanticGroupUI>CHEM</SemanticGroupUI><SemanticGroupName>Chemicals &amp; Drugs</SemanticGroupName><SemanticTypeUI>T126</SemanticTypeUI><SemanticTypeName>Enzyme</SemanticTypeName></SemanticType>
<SemanticType><SemanticGroupUI>CHEM</SemanticGroupUI><SemanticGroupName>Chemicals &amp; Drugs</SemanticGroupName><SemanticTypeUI>T131</SemanticTypeUI><SemanticTypeName>Hazardous or Poisonous Substance</SemanticTypeName></SemanticType>
<SemanticType><SemanticGroupUI>CHEM</SemanticGroupUI><SemanticGroupName>Chemicals &amp; Drugs</SemanticGroupName><SemanticTypeUI>T125</SemanticTypeUI><SemanticTypeName>Hormone</SemanticTypeName></SemanticType>
<SemanticType><SemanticGroupUI>CHEM</SemanticGroupUI><SemanticGroupName>Chemicals &amp; Drugs</SemanticGroupName><SemanticTypeUI>T129</SemanticTypeUI><SemanticTypeName>Immunologic Factor</SemanticTypeName></SemanticType>
<SemanticType><SemanticGroupUI>CHEM</SemanticGroupUI><SemanticGroupName>Chemicals &amp; Drugs</SemanticGroupName><SemanticTypeUI>T130</SemanticTypeUI><SemanticTypeName>Indicator, Reagent, or Diagnostic Aid</SemanticTypeName></SemanticType>
<SemanticType><SemanticGroupUI>CHEM</SemanticGroupUI><SemanticGroupName>Chemicals &amp; Drugs</SemanticGroupName><SemanticTypeUI>T197</SemanticTypeUI><SemanticTypeName>Inorganic Chemical</SemanticTypeName></SemanticType>
<SemanticType><SemanticGroupUI>CHEM</SemanticGroupUI><SemanticGroupName>Chemicals &amp; Drugs</SemanticGroupName><SemanticTypeUI>T119</SemanticTypeUI><SemanticTypeName>Lipid</SemanticTypeName></SemanticType>
<SemanticType><SemanticGroupUI>CHEM</SemanticGroupUI><SemanticGroupName>Chemicals &amp; Drugs</SemanticGroupName><SemanticTypeUI>T124</SemanticTypeUI><SemanticTypeName>Neuroreactive Substance or Biogenic Amine</SemanticTypeName></SemanticType>
<SemanticType><SemanticGroupUI>CHEM</SemanticGroupUI><SemanticGroupName>Chemicals &amp; Drugs</SemanticGroupName><SemanticTypeUI>T114</SemanticTypeUI><SemanticTypeName>Nucleic Acid, Nucleoside, or Nucleotide</SemanticTypeName></SemanticType>
<SemanticType><SemanticGroupUI>CHEM</SemanticGroupUI><SemanticGroupName>Chemicals &amp; Drugs</SemanticGroupName><SemanticTypeUI>T109</SemanticTypeUI><SemanticTypeName>Organic Chemical</SemanticTypeName></SemanticType>
<SemanticType><SemanticGroupUI>CHEM</SemanticGroupUI><SemanticGroupName>Chemicals &amp; Drugs</SemanticGroupName><SemanticTypeUI>T115</SemanticTypeUI><SemanticTypeName>Organophosphorus Compound</SemanticTypeName></SemanticType>
<SemanticType><SemanticGroupUI>CHEM</SemanticGroupUI><SemanticGroupName>Chemicals &amp; Drugs</SemanticGroupName><SemanticTypeUI>T121</SemanticTypeUI><SemanticTypeName>Pharmacologic Substance</SemanticTypeName></SemanticType>
<SemanticType><SemanticGroupUI>CHEM</SemanticGroupUI><SemanticGroupName>Chemicals &amp; Drugs</SemanticGroupName><SemanticTypeUI>T192</SemanticTypeUI><SemanticTypeName>Receptor</SemanticTypeName></SemanticType>
<SemanticType><SemanticGroupUI>CHEM</SemanticGroupUI><SemanticGroupName>Chemicals &amp; Drugs</SemanticGroupName><SemanticTypeUI>T110</SemanticTypeUI><SemanticTypeName>Steroid</SemanticTypeName></SemanticType>
<SemanticType><SemanticGroupUI>CHEM</SemanticGroupUI><SemanticGroupName>Chemicals &amp; Drugs</SemanticGroupName><SemanticTypeUI>T127</SemanticTypeUI><SemanticTypeName>Vitamin</SemanticTypeName></SemanticType>
<SemanticType><SemanticGroupUI>CONC</SemanticGroupUI><SemanticGroupName>Concepts &amp; Ideas</SemanticGroupName><SemanticTypeUI>T185</SemanticTypeUI><SemanticTypeName>Classification</SemanticTypeName></SemanticType>
<SemanticType><SemanticGroupUI>CONC</SemanticGroupUI><SemanticGroupName>Concepts &amp; Ideas</SemanticGroupName><SemanticTypeUI>T077</SemanticTypeUI><SemanticTypeName>Conceptual Entity</SemanticTypeName></SemanticType>
<SemanticType><SemanticGroupUI>CONC</SemanticGroupUI><SemanticGroupName>Concepts &amp; Ideas</SemanticGroupName><SemanticTypeUI>T169</SemanticTypeUI><SemanticTypeName>Functional Concept</SemanticTypeName></SemanticType>
<SemanticType><SemanticGroupUI>CONC</SemanticGroupUI><SemanticGroupName>Concepts &amp; Ideas</SemanticGroupName><SemanticTypeUI>T102</SemanticTypeUI><SemanticTypeName>Group Attribute</SemanticTypeName></SemanticType>
<SemanticType><SemanticGroupUI>CONC</SemanticGroupUI><SemanticGroupName>Concepts &amp; Ideas</SemanticGroupName><SemanticTypeUI>T078</SemanticTypeUI><SemanticTypeName>Idea or Concept</SemanticTypeName></SemanticType>
<SemanticType><SemanticGroupUI>CONC</SemanticGroupUI><SemanticGroupName>Concepts &amp; Ideas</SemanticGroupName><SemanticTypeUI>T170</SemanticTypeUI><SemanticTypeName>Intellectual Product</SemanticTypeName></SemanticType>
<SemanticType><SemanticGroupUI>CONC</SemanticGroupUI><SemanticGroupName>Concepts &amp; Ideas</SemanticGroupName><SemanticTypeUI>T171</SemanticTypeUI><SemanticTypeName>Language</SemanticTypeName></SemanticType>
<SemanticType><SemanticGroupUI>CONC</SemanticGroupUI><SemanticGroupName>Concepts &amp; Ideas</SemanticGroupName><SemanticTypeUI>T080</SemanticTypeUI><SemanticTypeName>Qualitative Concept</SemanticTypeName></SemanticType>
<SemanticType><SemanticGroupUI>CONC</SemanticGroupUI><SemanticGroupName>Concepts &amp; Ideas</SemanticGroupName><SemanticTypeUI>T081</SemanticTypeUI><SemanticTypeName>Quantitative Concept</SemanticTypeName></SemanticType>
<SemanticType><SemanticGroupUI>CONC</SemanticGroupUI><SemanticGroupName>Concepts &amp; Ideas</SemanticGroupName><SemanticTypeUI>T089</SemanticTypeUI><SemanticTypeName>Regulation or Law</SemanticTypeName></SemanticType>
<SemanticType><SemanticGroupUI>CONC</SemanticGroupUI><SemanticGroupName>Concepts &amp; Ideas</SemanticGroupName><SemanticTypeUI>T082</SemanticTypeUI><SemanticTypeName>Spatial Concept</SemanticTypeName></SemanticType>
<SemanticType><SemanticGroupUI>CONC</SemanticGroupUI><SemanticGroupName>Concepts &amp; Ideas</SemanticGroupName><SemanticTypeUI>T079</SemanticTypeUI><SemanticTypeName>Temporal Concept</SemanticTypeName></SemanticType>
<SemanticType><SemanticGroupUI>DEVI</SemanticGroupUI><SemanticGroupName>Devices</SemanticGroupName><SemanticTypeUI>T203</SemanticTypeUI><SemanticTypeName>Drug Delivery Device</SemanticTypeName></SemanticType>
<SemanticType><SemanticGroupUI>DEVI</SemanticGroupUI><SemanticGroupName>Devices</SemanticGroupName><SemanticTypeUI>T074</SemanticTypeUI><SemanticTypeName>Medical Device</SemanticTypeName></SemanticType>
<SemanticType><SemanticGroupUI>DEVI</SemanticGroupUI><SemanticGroupName>Devices</SemanticGroupName><SemanticTypeUI>T075</SemanticTypeUI><SemanticTypeName>Research Device</SemanticTypeName></SemanticType>
<SemanticType><SemanticGroupUI>DISO</SemanticGroupUI><SemanticGroupName>Disorders</SemanticGroupName><SemanticTypeUI>T020</SemanticTypeUI><SemanticTypeName>Acquired Abnormality</SemanticTypeName></SemanticType>
<SemanticType><SemanticGroupUI>DISO</SemanticGroupUI><SemanticGroupName>Disorders</SemanticGroupName><SemanticTypeUI>T190</SemanticTypeUI><SemanticTypeName>Anatomical Abnormality</SemanticTypeName></SemanticType>
<SemanticType><SemanticGroupUI>DISO</SemanticGroupUI><SemanticGroupName>Disorders</SemanticGroupName><SemanticTypeUI>T049</SemanticTypeUI><SemanticTypeName>Cell or Molecular Dysfunction</SemanticTypeName></SemanticType>
<SemanticType><SemanticGroupUI>DISO</SemanticGroupUI><SemanticGroupName>Disorders</SemanticGroupName><SemanticTypeUI>T019</SemanticTypeUI><SemanticTypeName>Congenital Abnormality</SemanticTypeName></SemanticType>
<SemanticType><SemanticGroupUI>DISO</SemanticGroupUI><SemanticGroupName>Disorders</SemanticGroupName><SemanticTypeUI>T047</SemanticTypeUI><SemanticTypeName>Disease or Syndrome</SemanticTypeName></SemanticType>
<SemanticType><SemanticGroupUI>DISO</SemanticGroupUI><SemanticGroupName>Disorders</SemanticGroupName><SemanticTypeUI>T050</SemanticTypeUI><SemanticTypeName>Experimental Model of Disease</SemanticTypeName></SemanticType>
<SemanticType><SemanticGroupUI>DISO</SemanticGroupUI><SemanticGroupName>Disorders</SemanticGroupName><SemanticTypeUI>T033</SemanticTypeUI><SemanticTypeName>Finding</SemanticTypeName></SemanticType>
<SemanticType><SemanticGroupUI>DISO</SemanticGroupUI><SemanticGroupName>Disorders</SemanticGroupName><SemanticTypeUI>T037</SemanticTypeUI><SemanticTypeName>Injury or Poisoning</SemanticTypeName></SemanticType>
<SemanticType><SemanticGroupUI>DISO</SemanticGroupUI><SemanticGroupName>Disorders</SemanticGroupName><SemanticTypeUI>T048</SemanticTypeUI><SemanticTypeName>Mental or Behavioral Dysfunction</SemanticTypeName></SemanticType>
<SemanticType><SemanticGroupUI>DISO</SemanticGroupUI><SemanticGroupName>Disorders</SemanticGroupName><SemanticTypeUI>T191</SemanticTypeUI><SemanticTypeName>Neoplastic Process</SemanticTypeName></SemanticType>
<SemanticType><SemanticGroupUI>DISO</SemanticGroupUI><SemanticGroupName>Disorders</SemanticGroupName><SemanticTypeUI>T046</SemanticTypeUI><SemanticTypeName>Pathologic Function</SemanticTypeName></SemanticType>
<SemanticType><SemanticGroupUI>DISO</SemanticGroupUI><SemanticGroupName>Disorders</SemanticGroupName><SemanticTypeUI>T184</SemanticTypeUI><SemanticTypeName>Sign or Symptom</SemanticTypeName></SemanticType>
<SemanticType><SemanticGroupUI>GENE</SemanticGroupUI><SemanticGroupName>Genes &amp; Molecular Sequences</SemanticGroupName><SemanticTypeUI>T087</SemanticTypeUI><SemanticTypeName>Amino Acid Sequence</SemanticTypeName></SemanticType>
<SemanticType><SemanticGroupUI>GENE</SemanticGroupUI><SemanticGroupName>Genes &amp; Molecular Sequences</SemanticGroupName><SemanticTypeUI>T088</SemanticTypeUI><SemanticTypeName>Carbohydrate Sequence</SemanticTypeName></SemanticType>
<SemanticType><SemanticGroupUI>GENE</SemanticGroupUI><SemanticGroupName>Genes &amp; Molecular Sequences</SemanticGroupName><SemanticTypeUI>T028</SemanticTypeUI><SemanticTypeName>Gene or Genome</SemanticTypeName></SemanticType>
<SemanticType><SemanticGroupUI>GENE</SemanticGroupUI><SemanticGroupName>Genes &amp; Molecular Sequences</SemanticGroupName><SemanticTypeUI>T085</SemanticTypeUI><SemanticTypeName>Molecular Sequence</SemanticTypeName></SemanticType>
<SemanticType><SemanticGroupUI>GENE</SemanticGroupUI><SemanticGroupName>Genes &amp; Molecular Sequences</SemanticGroupName><SemanticTypeUI>T086</SemanticTypeUI><SemanticTypeName>Nucleotide Sequence</SemanticTypeName></SemanticType>
<SemanticType><SemanticGroupUI>GEOG</SemanticGroupUI><SemanticGroupName>Geographic Areas</SemanticGroupName><SemanticTypeUI>T083</SemanticTypeUI><SemanticTypeName>Geographic Area</SemanticTypeName></SemanticType>
<SemanticType><SemanticGroupUI>LIVB</SemanticGroupUI><SemanticGroupName>Living Beings</SemanticGroupName><SemanticTypeUI>T100</SemanticTypeUI><SemanticTypeName>Age Group</SemanticTypeName></SemanticType>
<SemanticType><SemanticGroupUI>LIVB</SemanticGroupUI><SemanticGroupName>Living Beings</SemanticGroupName><SemanticTypeUI>T011</SemanticTypeUI><SemanticTypeName>Amphibian</SemanticTypeName></SemanticType>
<SemanticType><SemanticGroupUI>LIVB</SemanticGroupUI><SemanticGroupName>Living Beings</SemanticGroupName><SemanticTypeUI>T008</SemanticTypeUI><SemanticTypeName>Animal</SemanticTypeName></SemanticType>
<SemanticType><SemanticGroupUI>LIVB</SemanticGroupUI><SemanticGroupName>Living Beings</SemanticGroupName><SemanticTypeUI>T194</SemanticTypeUI><SemanticTypeName>Archaeon</SemanticTypeName></SemanticType>
<SemanticType><SemanticGroupUI>LIVB</SemanticGroupUI><SemanticGroupName>Living Beings</SemanticGroupName><SemanticTypeUI>T007</SemanticTypeUI><SemanticTypeName>Bacterium</SemanticTypeName></SemanticType>
<SemanticType><SemanticGroupUI>LIVB</SemanticGroupUI><SemanticGroupName>Living Beings</SemanticGroupName><SemanticTypeUI>T012</SemanticTypeUI><SemanticTypeName>Bird</SemanticTypeName></SemanticType>
<SemanticType><SemanticGroupUI>LIVB</SemanticGroupUI><SemanticGroupName>Living Beings</SemanticGroupName><SemanticTypeUI>T204</SemanticTypeUI><SemanticTypeName>Eukaryote</SemanticTypeName></SemanticType>
<SemanticType><SemanticGroupUI>LIVB</SemanticGroupUI><SemanticGroupName>Living Beings</SemanticGroupName><SemanticTypeUI>T099</SemanticTypeUI><SemanticTypeName>Family Group</SemanticTypeName></SemanticType>
<SemanticType><SemanticGroupUI>LIVB</SemanticGroupUI><SemanticGroupName>Living Beings</SemanticGroupName><SemanticTypeUI>T013</SemanticTypeUI><SemanticTypeName>Fish</SemanticTypeName></SemanticType>
<SemanticType><SemanticGroupUI>LIVB</SemanticGroupUI><SemanticGroupName>Living Beings</SemanticGroupName><SemanticTypeUI>T004</SemanticTypeUI><SemanticTypeName>Fungus</SemanticTypeName></SemanticType>
<SemanticType><SemanticGroupUI>LIVB</SemanticGroupUI><SemanticGroupName>Living Beings</SemanticGroupName><SemanticTypeUI>T096</SemanticTypeUI><SemanticTypeName>Group</SemanticTypeName></SemanticType>
<SemanticType><SemanticGroupUI>LIVB</SemanticGroupUI><SemanticGroupName>Living Beings</SemanticGroupName><SemanticTypeUI>T016</SemanticTypeUI><SemanticTypeName>Human</SemanticTypeName></SemanticType>
<SemanticType><SemanticGroupUI>LIVB</SemanticGroupUI><SemanticGroupName>Living Beings</SemanticGroupName><SemanticTypeUI>T015</SemanticTypeUI><SemanticTypeName>Mammal</SemanticTypeName></SemanticType>
<SemanticType><SemanticGroupUI>LIVB</SemanticGroupUI><SemanticGroupName>Living Beings</SemanticGroupName><SemanticTypeUI>T001</SemanticTypeUI><SemanticTypeName>Organism</SemanticTypeName></SemanticType>
<SemanticType><SemanticGroupUI>LIVB</SemanticGroupUI><SemanticGroupName>Living Beings</SemanticGroupName><SemanticTypeUI>T101</SemanticTypeUI><SemanticTypeName>Patient or Disabled Group</SemanticTypeName></SemanticType>
<SemanticType><SemanticGroupUI>LIVB</SemanticGroupUI><SemanticGroupName>Living Beings</SemanticGroupName><SemanticTypeUI>T002</SemanticTypeUI><SemanticTypeName>Plant</SemanticTypeName></SemanticType>
<SemanticType><SemanticGroupUI>LIVB</SemanticGroupUI><SemanticGroupName>Living Beings</SemanticGroupName><SemanticTypeUI>T098</SemanticTypeUI><SemanticTypeName>Population Group</SemanticTypeName></SemanticType>
<SemanticType><SemanticGroupUI>LIVB</SemanticGroupUI><SemanticGroupName>Living Beings</SemanticGroupName><SemanticTypeUI>T097</SemanticTypeUI><SemanticTypeName>Professional or Occupational Group</SemanticTypeName></SemanticType>
<SemanticType><SemanticGroupUI>LIVB</SemanticGroupUI><SemanticGroupName>Living Beings</SemanticGroupName><SemanticTypeUI>T014</SemanticTypeUI><SemanticTypeName>Reptile</SemanticTypeName></SemanticType>
<SemanticType><SemanticGroupUI>LIVB</SemanticGroupUI><SemanticGroupName>Living Beings</SemanticGroupName><SemanticTypeUI>T010</SemanticTypeUI><SemanticTypeName>Vertebrate</SemanticTypeName></SemanticType>
<SemanticType><SemanticGroupUI>LIVB</SemanticGroupUI><SemanticGroupName>Living Beings</SemanticGroupName><SemanticTypeUI>T005</SemanticTypeUI><SemanticTypeName>Virus</SemanticTypeName></SemanticType>
<SemanticType><SemanticGroupUI>OBJC</SemanticGroupUI><SemanticGroupName>Objects</SemanticGroupName><SemanticTypeUI>T071</SemanticTypeUI><SemanticTypeName>Entity</SemanticTypeName></SemanticType>
<SemanticType><SemanticGroupUI>OBJC</SemanticGroupUI><SemanticGroupName>Objects</SemanticGroupName><SemanticTypeUI>T168</SemanticTypeUI><SemanticTypeName>Food</SemanticTypeName></SemanticType>
<SemanticType><SemanticGroupUI>OBJC</SemanticGroupUI><SemanticGroupName>Objects</SemanticGroupName><SemanticTypeUI>T073</SemanticTypeUI><SemanticTypeName>Manufactured Object</SemanticTypeName></SemanticType>
<SemanticType><SemanticGroupUI>OBJC</SemanticGroupUI><SemanticGroupName>Objects</SemanticGroupName><SemanticTypeUI>T072</SemanticTypeUI><SemanticTypeName>Physical Object</SemanticTypeName></SemanticType>
<SemanticType><SemanticGroupUI>OBJC</SemanticGroupUI><SemanticGroupName>Objects</SemanticGroupName><SemanticTypeUI>T167</SemanticTypeUI><SemanticTypeName>Substance</SemanticTypeName></SemanticType>
<SemanticType><SemanticGroupUI>OCCU</SemanticGroupUI><SemanticGroupName>Occupations</SemanticGroupName><SemanticTypeUI>T091</SemanticTypeUI><SemanticTypeName>Biomedical Occupation or Discipline</SemanticTypeName></SemanticType>
<SemanticType><SemanticGroupUI>OCCU</SemanticGroupUI><SemanticGroupName>Occupations</SemanticGroupName><SemanticTypeUI>T090</SemanticTypeUI><SemanticTypeName>Occupation or Discipline</SemanticTypeName></SemanticType>
<SemanticType><SemanticGroupUI>ORGA</SemanticGroupUI><SemanticGroupName>Organizations</SemanticGroupName><SemanticTypeUI>T093</SemanticTypeUI><SemanticTypeName>Health Care Related Organization</SemanticTypeName></SemanticType>
<SemanticType><SemanticGroupUI>ORGA</SemanticGroupUI><SemanticGroupName>Organizations</SemanticGroupName><SemanticTypeUI>T092</SemanticTypeUI><SemanticTypeName>Organization</SemanticTypeName></SemanticType>
<SemanticType><SemanticGroupUI>ORGA</SemanticGroupUI><SemanticGroupName>Organizations</SemanticGroupName><SemanticTypeUI>T094</SemanticTypeUI><SemanticTypeName>Professional Society</SemanticTypeName></SemanticType>
<SemanticType><SemanticGroupUI>ORGA</SemanticGroupUI><SemanticGroupName>Organizations</SemanticGroupName><SemanticTypeUI>T095</SemanticTypeUI><SemanticTypeName>Self-help or Relief Organization</SemanticTypeName></SemanticType>
<SemanticType><SemanticGroupUI>PHEN</SemanticGroupUI><SemanticGroupName>Phenomena</SemanticGroupName><SemanticTypeUI>T038</SemanticTypeUI><SemanticTypeName>Biologic Function</SemanticTypeName></SemanticType>
<SemanticType><SemanticGroupUI>PHEN</SemanticGroupUI><SemanticGroupName>Phenomena</SemanticGroupName><SemanticTypeUI>T069</SemanticTypeUI><SemanticTypeName>Environmental Effect of Humans</SemanticTypeName></SemanticType>
<SemanticType><SemanticGroupUI>PHEN</SemanticGroupUI><SemanticGroupName>Phenomena</SemanticGroupName><SemanticTypeUI>T068</SemanticTypeUI><SemanticTypeName>Human-caused Phenomenon or Process</SemanticTypeName></SemanticType>
<SemanticType><SemanticGroupUI>PHEN</SemanticGroupUI><SemanticGroupName>Phenomena</SemanticGroupName><SemanticTypeUI>T034</SemanticTypeUI><SemanticTypeName>Laboratory or Test Result</SemanticTypeName></SemanticType>
<SemanticType><SemanticGroupUI>PHEN</SemanticGroupUI><SemanticGroupName>Phenomena</SemanticGroupName><SemanticTypeUI>T070</SemanticTypeUI><SemanticTypeName>Natural Phenomenon or Process</SemanticTypeName></SemanticType>
<SemanticType><SemanticGroupUI>PHEN</SemanticGroupUI><SemanticGroupName>Phenomena</SemanticGroupName><SemanticTypeUI>T067</SemanticTypeUI><SemanticTypeName>Phenomenon or Process</SemanticTypeName></SemanticType>
<SemanticType><SemanticGroupUI>PHYS</SemanticGroupUI><SemanticGroupName>Physiology</SemanticGroupName><SemanticTypeUI>T043</SemanticTypeUI><SemanticTypeName>Cell Function</SemanticTypeName></SemanticType>
<SemanticType><SemanticGroupUI>PHYS</SemanticGroupUI><SemanticGroupName>Physiology</SemanticGroupName><SemanticTypeUI>T201</SemanticTypeUI><SemanticTypeName>Clinical Attribute</SemanticTypeName></SemanticType>
<SemanticType><SemanticGroupUI>PHYS</SemanticGroupUI><SemanticGroupName>Physiology</SemanticGroupName><SemanticTypeUI>T045</SemanticTypeUI><SemanticTypeName>Genetic Function</SemanticTypeName></SemanticType>
<SemanticType><SemanticGroupUI>PHYS</SemanticGroupUI><SemanticGroupName>Physiology</SemanticGroupName><SemanticTypeUI>T041</SemanticTypeUI><SemanticTypeName>Mental Process</SemanticTypeName></SemanticType>
<SemanticType><SemanticGroupUI>PHYS</SemanticGroupUI><SemanticGroupName>Physiology</SemanticGroupName><SemanticTypeUI>T044</SemanticTypeUI><SemanticTypeName>Molecular Function</SemanticTypeName></SemanticType>
<SemanticType><SemanticGroupUI>PHYS</SemanticGroupUI><SemanticGroupName>Physiology</SemanticGroupName><SemanticTypeUI>T032</SemanticTypeUI><SemanticTypeName>Organism Attribute</SemanticTypeName></SemanticType>
<SemanticType><SemanticGroupUI>PHYS</SemanticGroupUI><SemanticGroupName>Physiology</SemanticGroupName><SemanticTypeUI>T040</SemanticTypeUI><SemanticTypeName>Organism Function</SemanticTypeName></SemanticType>
<SemanticType><SemanticGroupUI>PHYS</SemanticGroupUI><SemanticGroupName>Physiology</SemanticGroupName><SemanticTypeUI>T042</SemanticTypeUI><SemanticTypeName>Organ or Tissue Function</SemanticTypeName></SemanticType>
<SemanticType><SemanticGroupUI>PHYS</SemanticGroupUI><SemanticGroupName>Physiology</SemanticGroupName><SemanticTypeUI>T039</SemanticTypeUI><SemanticTypeName>Physiologic Function</SemanticTypeName></SemanticType>
<SemanticType><SemanticGroupUI>PROC</SemanticGroupUI><SemanticGroupName>Procedures</SemanticGroupName><SemanticTypeUI>T060</SemanticTypeUI><SemanticTypeName>Diagnostic Procedure</SemanticTypeName></SemanticType>
<SemanticType><SemanticGroupUI>PROC</SemanticGroupUI><SemanticGroupName>Procedures</SemanticGroupName><SemanticTypeUI>T065</SemanticTypeUI><SemanticTypeName>Educational Activity</SemanticTypeName></SemanticType>
<SemanticType><SemanticGroupUI>PROC</SemanticGroupUI><SemanticGroupName>Procedures</SemanticGroupName><SemanticTypeUI>T058</SemanticTypeUI><SemanticTypeName>Health Care Activity</SemanticTypeName></SemanticType>
<SemanticType><SemanticGroupUI>PROC</SemanticGroupUI><SemanticGroupName>Procedures</SemanticGroupName><SemanticTypeUI>T059</SemanticTypeUI><SemanticTypeName>Laboratory Procedure</SemanticTypeName></SemanticType>
<SemanticType><SemanticGroupUI>PROC</SemanticGroupUI><SemanticGroupName>Procedures</SemanticGroupName><SemanticTypeUI>T063</SemanticTypeUI><SemanticTypeName>Molecular Biology Research Technique</SemanticTypeName></SemanticType>
<SemanticType><SemanticGroupUI>PROC</SemanticGroupUI><SemanticGroupName>Procedures</SemanticGroupName><SemanticTypeUI>T062</SemanticTypeUI><SemanticTypeName>Research Activity</SemanticTypeName></SemanticType>
<SemanticType><SemanticGroupUI>PROC</SemanticGroupUI><SemanticGroupName>Procedures</SemanticGroupName><SemanticTypeUI>T061</SemanticTypeUI><SemanticTypeName>Therapeutic or Preventive Procedure</SemanticTypeName></SemanticType>
</SemanticTypeList>
