﻿<Presentation PresentationClass="profile">
  <PageOptions Columns="2"/>
  <WindowName>Group Administration</WindowName>  
  <PageTitle>Group Administration</PageTitle>
  <PageBackLinkName></PageBackLinkName>
  <PageBackLinkURL></PageBackLinkURL>
  <PageSubTitle></PageSubTitle>
  <PageDescription></PageDescription>  
  <PanelList>
    <Panel type="header"  />
    <Panel type="page" />
    <Panel Type="active">
      <Module ID="MiniSearch"  />
      <Module ID="MainMenu"  />      
    </Panel>
    <Panel Type="main">
      <Module ID="GroupAdmin">        
      </Module>
      <Panel Type="passive"/>
      <Panel type="footer" />
    </Panel> 
  </PanelList>
</Presentation>

