﻿<Presentation PresentationClass="network">
  <PageOptions Columns="1"/>
  <WindowName>My Person List</WindowName>
  <PageTitle>My Person List</PageTitle>
  <PageBackLinkName></PageBackLinkName>
  <PageBackLinkURL></PageBackLinkURL>
  <PageSubTitle></PageSubTitle>
  <PageDescription>     
    My Person List is a feature of this website that lets you select a custom group of faculty, explore the list using various reports and data visualizations, and export data.  You can add or remove people from your list by going to the &quot;My Person List&quot; menu from either a person's profile page or from a Search Results page.
  </PageDescription>
  <PanelList>
    <Panel type="header"  />
    <Panel type="page" />
    <Panel Type="active">
      <Module ID="MainMenu">
      </Module>
    </Panel>
    <Panel Name="" Alias="" Type="main" TabType="Default" TabSort="0">
      <Module ID="ManageLists">
      </Module>
    </Panel>

    
  </PanelList>
</Presentation>

