﻿<Presentation PresentationClass="profile">
  <PageOptions Columns="2"/>
  <WindowName>About</WindowName>  
  <PageTitle>About Profiles Research Networking Software</PageTitle>
  <PageBackLinkName></PageBackLinkName>
  <PageBackLinkURL></PageBackLinkURL>
  <PageSubTitle></PageSubTitle>
  <PageDescription></PageDescription>  
  <PanelList>
    <Panel type="header"  />
    <Panel type="page" />
    <Panel Type="active">
      <Module ID="MiniSearch"  />
      <Module ID="MainMenu"  />      
    </Panel>
    <Panel Type="main">
      <Module ID="About">        
      </Module>
      <Panel Type="passive"/>
      <Panel type="footer" />
    </Panel> 
  </PanelList>
</Presentation>

