﻿<Presentation PresentationClass="orng">
  <PageOptions Columns="2"/>
  <PageBackLinkName></PageBackLinkName>
  <PageBackLinkURL></PageBackLinkURL>
  <PageSubTitle></PageSubTitle>
  <PageDescription></PageDescription>
  <PanelList>
    <Panel type="header"  />
    <Panel type="page" />
    <Panel Type="active">
      <Module ID="MiniSearch"  />
      <Module ID="MainMenu">
      </Module>
    </Panel>
    <Panel Name="" Alias="" Type="main" TabType="default" TabSort="0" >
      <Module ID="Gadgets" >
        <ParamList>
          <Param Name="HTML">
            <div class="pageTitle">
              <h2>
                <div id="gadgets-title">Gadget Details</div>
              </h2>
            </div>
            <div id="gadgets-detail" class="gadgets-gadget-parent"></div>
          </Param>
		  <Param Name="AllowSetOwnerFromRequest">True</Param>
        </ParamList>
      </Module>
    </Panel>
    <Panel type="footer" />
  </PanelList>
</Presentation>

