<Profiles Operation="GetPersonList" Version="2" xmlns="http://connects.profiles.schema/profiles/query"><QueryDefinition><Name><LastName MatchType="left">Smith</LastName><FirstName MatchType="left"></FirstName></Name><FacultyTypeList><FacultyType></FacultyType></FacultyTypeList><AffiliationList><Affiliation><InstitutionName></InstitutionName><DepartmentName>Medicine</DepartmentName></Affiliation></AffiliationList><Keywords><KeywordString>Asthma</KeywordString></Keywords></QueryDefinition><OutputOptions StartRecord="1" MaxRecords="100"></OutputOptions></Profiles>